[
	{
		"ВидНоменклатуры": "Продукция Смарт опен"
	},
	{
		"ВидНоменклатуры": "Продукция Нано"
	},
	{
		"ВидНоменклатуры": "Продукция АПК"
	},
	{
		"ВидНоменклатуры": "Продукция Клининг"
	},
	{
		"ВидНоменклатуры": "Продукция Пентагон"
	},
	{
		"ВидНоменклатуры": "Продукция Автохимия"
	},
	{
		"ВидНоменклатуры": "Продукция Пищепром"
	},
	{
		"ВидНоменклатуры": "Полуфабрикат"
	}
]